{
    "rayleigh": {
        "0": {
            "total_time": 2205.8611328601837,
            "train_time": 743.9819386005402,
            "test_time": 5.833147048950195,
            "BER": 0.0429,
            "Precision": 0.9571,
            "Recall": 0.9571,
            "F1 Score": 0.9571,
            "epoch_losses": [
                0.3120852311000228,
                0.22058644592165946,
                0.20261944011300803,
                0.18652606316134335,
                0.1763535688661039,
                0.1641800367616117,
                0.1571435560695827,
                0.14533235915191473,
                0.1355616421405226,
                0.12734852582886816,
                0.11878223015125841,
                0.11210450055468828,
                0.1048365845033899,
                0.10262426472008228,
                0.0986914613455534
            ],
            "epoch_accuracies": [
                86.46875,
                91.24125,
                91.94875,
                92.63375,
                92.94375,
                93.57625,
                93.825,
                94.3075,
                94.70875,
                95.0275,
                95.38625,
                95.70375,
                96.07,
                96.13625,
                96.3075
            ]
        },
        "5": {
            "total_time": 2215.6773030757904,
            "train_time": 729.958975315094,
            "test_time": 5.170530557632446,
            "BER": 0.00735,
            "Precision": 0.99265,
            "Recall": 0.99265,
            "F1 Score": 0.99265,
            "epoch_losses": [
                0.1281778619430959,
                0.08312236534189432,
                0.07089823922887445,
                0.06190037938845344,
                0.057781659469986334,
                0.050828728191088884,
                0.04678859729529358,
                0.04542525156121701,
                0.0494361788070295,
                0.04212806434170343,
                0.037221275301021525,
                0.03243491131614428,
                0.028192756845406258,
                0.026926338697294706,
                0.026896340974024498
            ],
            "epoch_accuracies": [
                95.3275,
                97.08125,
                97.56125,
                97.7875,
                97.9925,
                98.20375,
                98.41125,
                98.4525,
                98.26875,
                98.52625,
                98.75875,
                98.9175,
                99.05125,
                99.0975,
                99.095
            ]
        },
        "10": {
            "total_time": 2224.1159102916718,
            "train_time": 727.6262099742889,
            "test_time": 5.181828737258911,
            "BER": 0.0013,
            "Precision": 0.9987,
            "Recall": 0.9987,
            "F1 Score": 0.9987,
            "epoch_losses": [
                0.05086637664574664,
                0.03329908861543517,
                0.025471344238903838,
                0.021902953967874055,
                0.01926444087806158,
                0.01675519600172993,
                0.015946773663145723,
                0.014565212163323304,
                0.012893242356175325,
                0.01099906885488308,
                0.009541068701009498,
                0.008744636702761635,
                0.007234925640042638,
                0.007029217728518416,
                0.006318534148312756
            ],
            "epoch_accuracies": [
                98.28,
                98.95125,
                99.19125,
                99.2775,
                99.3925,
                99.45875,
                99.49125,
                99.535,
                99.59375,
                99.63375,
                99.67625,
                99.71625,
                99.77625,
                99.76875,
                99.78625
            ]
        },
        "15": {
            "total_time": 2248.6282415390015,
            "train_time": 721.3987424373627,
            "test_time": 5.188387155532837,
            "BER": 0.00105,
            "Precision": 0.99895,
            "Recall": 0.99895,
            "F1 Score": 0.99895,
            "epoch_losses": [
                0.022665262720291502,
                0.01017044992338051,
                0.009094862830535566,
                0.008637955972537747,
                0.007927843807071622,
                0.006834815516572417,
                0.005609485510513332,
                0.004726549625644839,
                0.0045163153248133315,
                0.0036927393918951565,
                0.0031224412205294355,
                0.002839914320107346,
                0.0021386531257725438,
                0.002052562924027734,
                0.0019518783228399115
            ],
            "epoch_accuracies": [
                99.30875,
                99.705,
                99.74375,
                99.75625,
                99.77375,
                99.81375,
                99.835,
                99.84625,
                99.86375,
                99.88625,
                99.895,
                99.92125,
                99.93625,
                99.9475,
                99.9425
            ]
        },
        "20": {
            "total_time": 1932.331761598587,
            "train_time": 724.286390542984,
            "test_time": 5.1851091384887695,
            "BER": 0.00045,
            "Precision": 0.99955,
            "Recall": 0.99955,
            "F1 Score": 0.99955,
            "epoch_losses": [
                0.010123852705980244,
                0.0059347501474090675,
                0.0059059287274241794,
                0.006000482650343111,
                0.003594518089284247,
                0.004285629627470189,
                0.003123424742644056,
                0.0025330392947103975,
                0.002323819665316114,
                0.0019941306652228375,
                0.001261167903619389,
                0.0014104829393318142,
                0.0008548997045365467,
                0.0010519636321136205,
                0.0006076946736240643
            ],
            "epoch_accuracies": [
                99.7225,
                99.8475,
                99.85375,
                99.83625,
                99.89875,
                99.88125,
                99.92125,
                99.93,
                99.93875,
                99.945,
                99.96125,
                99.95875,
                99.9775,
                99.97,
                99.97875
            ]
        }
    },
    "rician": {
        "0": {
            "total_time": 1759.2473859786987,
            "train_time": 635.5819420814514,
            "test_time": 3.5173630714416504,
            "BER": 0.00685,
            "Precision": 0.99315,
            "Recall": 0.99315,
            "F1 Score": 0.99315,
            "epoch_losses": [
                0.07812790953577496,
                0.0472163384356536,
                0.04457622314945329,
                0.039145976769493426,
                0.036540797696076335,
                0.036081052824482325,
                0.032683291999506765,
                0.031115687452233396,
                0.026956238964479417,
                0.026227798750111834,
                0.025110458674025723,
                0.022567405726388098,
                0.021574076982203406,
                0.021149147617723792,
                0.020449160646414385
            ],
            "epoch_accuracies": [
                97.1525,
                98.36625,
                98.4225,
                98.6625,
                98.73625,
                98.75625,
                98.8625,
                98.94625,
                99.05625,
                99.1,
                99.14375,
                99.1875,
                99.20625,
                99.27125,
                99.265
            ]
        },