{
    "rayleigh": {
        "0": {
            "train_time": 800.504964351654,
            "test_time": 6.656156063079834,
            "BER": 0.0189,
            "Precision": 0.9811093724172538,
            "Recall": 0.9810956318476991,
            "F1 Score": 0.9810996665981188
        },
        "5": {
            "train_time": 773.6083662509918,
            "test_time": 6.460040092468262,
            "BER": 0.00315,
            "Precision": 0.9968494873979497,
            "Recall": 0.9968506053162832,
            "F1 Score": 0.9968499840530443
        },
        "10": {
            "train_time": 785.490935087204,
            "test_time": 8.304728746414185,
            "BER": 0.0024,
            "Precision": 0.997601827024359,
            "Recall": 0.9975984034717168,
            "F1 Score": 0.9975999556231796
        },
        "15": {
            "train_time": 783.2560923099518,
            "test_time": 7.819133043289185,
            "BER": 0.00125,
            "Precision": 0.9987550945848978,
            "Recall": 0.9987449936160554,
            "F1 Score": 0.9987498417768499
        },
        "20": {
            "train_time": 780.5259912014008,
            "test_time": 6.500511169433594,
            "BER": 0.0005,
            "Precision": 0.9994988527634339,
            "Recall": 0.9995013103453683,
            "F1 Score": 0.9994999915948587
        }
    },
    "rician": {
        "0": {
            "train_time": 785.7834670543671,
            "test_time": 7.86684775352478,
            "BER": 0.00445,
            "Precision": 0.992752071008284,
            "Recall": 0.992750104927501,
            "F1 Score": 0.9927499934568691
        },
        "5": {
            "train_time": 790.1512842178345,
            "test_time": 6.53814172744751,
            "BER": 0.00425,
            "Precision": 0.9891626647220928,
            "Recall": 0.9891409794611159,
            "F1 Score": 0.9891494452925169
        },
        "10": {
            "train_time": 787.9872937202454,
            "test_time": 7.493125677108765,
            "BER": 0.00075,
            "Precision": 0.9992504868378016,
            "Recall": 0.9992495432458892,
            "F1 Score": 0.9992499925580511
        },
        "15": {
            "train_time": 772.8497052192688,
            "test_time": 6.534316062927246,
            "BER": 0.0006,
            "Precision": 0.9993967522190794,
            "Recall": 0.999403285148089,
            "F1 Score": 0.9993999287055295
        },
        "20": {
            "train_time": 805.8644497394562,
            "test_time": 7.609586715698242,
            "BER": 0.0013,
            "Precision": 0.9987016678171874,
            "Recall": 0.9986984361463241,
            "F1 Score": 0.9986999620908945
        }
    },
    "nakagami": {
        "0": {
            "train_time": 771.1485645771027,
            "test_time": 5.062628746032715,
            "BER": 0.00065,
            "Precision": 0.9985544330674265,
            "Recall": 0.9985473286110563,
            "F1 Score": 0.9985499796090882
        },
        "5": {
            "train_time": 694.5979998111725,
            "test_time": 4.484039306640625,
            "BER": 5e-05,
            "Precision": 0.9999494387703509,
            "Recall": 0.9999505537974683,
            "F1 Score": 0.9999499937831021
        },
        "10": {
            "train_time": 703.413409948349,
            "test_time": 5.010487079620361,
            "BER": 0.0,
            "Precision": 1.0,
            "Recall": 1.0,
            "F1 Score": 1.0
        },
        "15": {
            "train_time": 694.3310279846191,
            "test_time": 5.169124126434326,
            "BER": 0.0,
            "Precision": 1.0,
            "Recall": 1.0,
            "F1 Score": 1.0
        },
        "20": {
            "train_time": 692.4326736927032,
            "test_time": 4.663541555404663,
            "BER": 0.0,
            "Precision": 1.0,
            "Recall": 1.0,
            "F1 Score": 1.0
        }
    }
}