{
    "rayleigh": {
        "0": {
            "train_time": 804.9365289211273,
            "test_time": 8.1732656955719,
            "BER": 0.0412,
            "Precision": 0.9588338833883387,
            "Recall": 0.9587906426341015,
            "F1 Score": 0.9587984162111192
        },
        "5": {
            "train_time": 805.8801865577698,
            "test_time": 7.734351396560669,
            "BER": 0.0124,
            "Precision": 0.9876007896735963,
            "Recall": 0.987598176022937,
            "F1 Score": 0.9875994433390114
        },
        "10": {
            "train_time": 807.8950002193451,
            "test_time": 8.486012935638428,
            "BER": 0.00485,
            "Precision": 0.995162369120175,
            "Recall": 0.9951385541860207,
            "F1 Score": 0.9951493640695029
        },
        "15": {
            "train_time": 795.9350912570953,
            "test_time": 7.6387939453125,
            "BER": 0.0057,
            "Precision": 0.9943115848095924,
            "Recall": 0.9943018172078903,
            "F1 Score": 0.9942999794229257
        },
        "20": {
            "train_time": 795.306868314743,
            "test_time": 7.734432220458984,
            "BER": 0.0024,
            "Precision": 0.9976015973124498,
            "Recall": 0.9975993680554881,
            "F1 Score": 0.9975999938559843
        }
    },
    "rician": {
        "0": {
            "train_time": 804.1749923229218,
            "test_time": 8.46616268157959,
            "BER": 0.0121,
            "Precision": 0.9878993727034809,
            "Recall": 0.9878993727034809,
            "F1 Score": 0.9878993727034809
        },
        "5": {
            "train_time": 810.835284948349,
            "test_time": 8.249924898147583,
            "BER": 0.0059,
            "Precision": 0.9940985875491517,
            "Recall": 0.994101038378532,
            "F1 Score": 0.9940997731952816
        },
        "10": {
            "train_time": 802.6085350513458,
            "test_time": 8.426398754119873,
            "BER": 0.0091,
            "Precision": 0.9908956741341379,
            "Recall": 0.9909036272322701,
            "F1 Score": 0.9908994029098248
        },
        "15": {
            "train_time": 801.9738495349884,
            "test_time": 8.824583768844604,
            "BER": 0.00885,
            "Precision": 0.9911547070953539,
            "Recall": 0.9911462738202701,
            "F1 Score": 0.9911497742971189
        },
        "20": {
            "train_time": 809.9043653011322,
            "test_time": 7.6288769245147705,
            "BER": 0.0016,
            "Precision": 0.9983999123792019,
            "Recall": 0.9983999123792019,
            "F1 Score": 0.9983999123792019
        }
    },
    "nakagami": {
        "0": {
            "train_time": 785.969568490982,
            "test_time": 6.373581647872925,
            "BER": 0.00455,
            "Precision": 0.9954430471095681,
            "Recall": 0.9954572430589161,
            "F1 Score": 0.9954495849907751
        },
        "5": {
            "train_time": 763.4477355480194,
            "test_time": 6.580839157104492,
            "BER": 0.00025,
            "Precision": 0.9997513880326465,
            "Recall": 0.9997486141827405,
            "F1 Score": 0.9997499786075446
        },
        "10": {
            "train_time": 779.4486799240112,
            "test_time": 6.1808106899261475,
            "BER": 5e-05,
            "Precision": 0.999949779027722,
            "Recall": 0.9999502239920358,
            "F1 Score": 0.9999499990098554
        },
        "15": {
            "train_time": 761.9138159751892,
            "test_time": 6.670690298080444,
            "BER": 0.0,
            "Precision": 1.0,
            "Recall": 1.0,
            "F1 Score": 1.0
        },
        "20": {
            "train_time": 740.4341101646423,
            "test_time": 5.418183326721191,
            "BER": 0.0,
            "Precision": 1.0,
            "Recall": 1.0,
            "F1 Score": 1.0
        }
    }
}