{
    "rayleigh": {
        "0": {
            "train_time": 741.978985786438,
            "test_time": 6.129128694534302,
            "BER": 0.03125,
            "Precision": 0.96875,
            "Recall": 0.96875,
            "F1 Score": 0.96875
        },
        "5": {
            "train_time": 707.9586877822876,
            "test_time": 5.4747161865234375,
            "BER": 0.0111,
            "Precision": 0.9889,
            "Recall": 0.9889,
            "F1 Score": 0.9889
        },
        "10": {
            "train_time": 714.5541138648987,
            "test_time": 5.687577247619629,
            "BER": 0.00395,
            "Precision": 0.99605,
            "Recall": 0.99605,
            "F1 Score": 0.99605
        },
        "15": {
            "train_time": 730.2401368618011,
            "test_time": 5.834218502044678,
            "BER": 0.001,
            "Precision": 0.999,
            "Recall": 0.999,
            "F1 Score": 0.999
        },
        "20": {
            "train_time": 711.9508242607117,
            "test_time": 5.453632831573486,
            "BER": 0.0007,
            "Precision": 0.9993,
            "Recall": 0.9993,
            "F1 Score": 0.9993
        }
    },
    "rician": {
        "0": {
            "train_time": 707.6408658027649,
            "test_time": 5.718879461288452,
            "BER": 0.01955,
            "Precision": 0.98045,
            "Recall": 0.98045,
            "F1 Score": 0.98045
        },
        "5": {
            "train_time": 724.943585395813,
            "test_time": 5.801657199859619,
            "BER": 0.00665,
            "Precision": 0.99335,
            "Recall": 0.99335,
            "F1 Score": 0.99335
        },
        "10": {
            "train_time": 708.5815894603729,
            "test_time": 5.47884726524353,
            "BER": 0.00095,
            "Precision": 0.99905,
            "Recall": 0.99905,
            "F1 Score": 0.99905
        },
        "15": {
            "train_time": 707.1698987483978,
            "test_time": 5.727977752685547,
            "BER": 0.00435,
            "Precision": 0.99565,
            "Recall": 0.99565,
            "F1 Score": 0.99565
        },
        "20": {
            "train_time": 722.7601237297058,
            "test_time": 5.6907384395599365,
            "BER": 0.00485,
            "Precision": 0.99515,
            "Recall": 0.99515,
            "F1 Score": 0.99515
        }
    },
    "nakagami": {
        "0": {
            "train_time": 705.0129933357239,
            "test_time": 5.397080659866333,
            "BER": 0.00175,
            "Precision": 0.99825,
            "Recall": 0.99825,
            "F1 Score": 0.99825
        },
        "5": {
            "train_time": 705.871645450592,
            "test_time": 5.78108811378479,
            "BER": 0.0003,
            "Precision": 0.9997,
            "Recall": 0.9997,
            "F1 Score": 0.9997
        },
        "10": {
            "train_time": 715.8533449172974,
            "test_time": 5.63478684425354,
            "BER": 0.0,
            "Precision": 1.0,
            "Recall": 1.0,
            "F1 Score": 1.0
        },
        "15": {
            "train_time": 707.6507494449615,
            "test_time": 5.260575532913208,
            "BER": 0.0,
            "Precision": 1.0,
            "Recall": 1.0,
            "F1 Score": 1.0
        },
        "20": {
            "train_time": 677.1353437900543,
            "test_time": 5.688983201980591,
            "BER": 0.0,
            "Precision": 1.0,
            "Recall": 1.0,
            "F1 Score": 1.0
        }
    }
}