{
    "rayleigh": {
        "0": {
            "total_time": 2063.5809178352356,
            "train_time": 735.2377319335938,
            "test_time": 5.584752321243286,
            "BER": 0.06015,
            "Precision": 0.93985,
            "Recall": 0.93985,
            "F1 Score": 0.93985,
            "epoch_losses": [
                0.3703596574544907,
                0.2639082772627473,
                0.21732239268571138,
                0.18867161728218199,
                0.16854516944289208,
                0.15275389187783003,
                0.1356697644263506,
                0.11706025430299341,
                0.09731926520224661,
                0.0791216158028692,
                0.059245176841923965,
                0.04362750284285285,
                0.0299284368037479,
                0.023353026775177567,
                0.01850794890462421
            ],
            "epoch_accuracies": [
                83.32625,
                88.675,
                90.895,
                92.14,
                93.09375,
                93.8175,
                94.69125,
                95.42,
                96.32375,
                97.14875,
                97.9575,
                98.57875,
                99.085,
                99.36875,
                99.54875
            ]
        },
        "5": {
            "total_time": 2070.5725803375244,
            "train_time": 730.0161764621735,
            "test_time": 6.309042930603027,
            "BER": 0.01555,
            "Precision": 0.98445,
            "Recall": 0.98445,
            "F1 Score": 0.9844499999999999,
            "epoch_losses": [
                0.16468481563068926,
                0.11256949935350567,
                0.08749912612736226,
                0.07100973929204046,
                0.058911099329032005,
                0.04927352281336207,
                0.04023432395230048,
                0.031505270678934175,
                0.024401711442077065,
                0.016744008749478963,
                0.009603557546774392,
                0.006974389149862691,
                0.0034590843461133774,
                0.0022373586917194188,
                0.0014670669997482037
            ],
            "epoch_accuracies": [
                93.41625,
                95.6375,
                96.625,
                97.29625,
                97.8075,
                98.14875,
                98.56875,
                98.865,
                99.15625,
                99.4475,
                99.69875,
                99.7875,
                99.9,
                99.94875,
                99.97875
            ]
        },
        "10": {
            "total_time": 2083.3795371055603,
            "train_time": 722.0504920482635,
            "test_time": 6.106881618499756,
            "BER": 0.0027,
            "Precision": 0.9973,
            "Recall": 0.9973,
            "F1 Score": 0.9973,
            "epoch_losses": [
                0.0710307053915225,
                0.04198329433929175,
                0.03145315580881434,
                0.025479366717592346,
                0.021495729023730384,
                0.016933952483779286,
                0.01313343709135952,
                0.01066192551056447,
                0.008045187895464188,
                0.004433840946789133,
                0.0037330867422089796,
                0.001815793653057699,
                0.0008058814220150452,
                0.000475426247519772,
                0.00029881309648126264
            ],
            "epoch_accuracies": [
                97.4175,
                98.47375,
                98.875,
                99.1,
                99.22875,
                99.43875,
                99.5475,
                99.6375,
                99.7275,
                99.84625,
                99.8775,
                99.95125,
                99.97625,
                99.99,
                99.9925
            ]
        },
        "15": {
            "total_time": 2087.11466217041,
            "train_time": 712.3767194747925,
            "test_time": 6.106015920639038,
            "BER": 0.00135,
            "Precision": 0.99865,
            "Recall": 0.99865,
            "F1 Score": 0.99865,
            "epoch_losses": [
                0.03446876557561336,
                0.02320508215096197,
                0.0177226721451676,
                0.012816841551550898,
                0.011692666561916122,
                0.010499847407049675,
                0.008091808118499466,
                0.006669762926416297,
                0.0052873439153685465,
                0.004098155404341378,
                0.002609046196165218,
                0.0015618427421577508,
                0.0006721392295467013,
                0.00039009129123705863,
                0.00039593577674882
            ],
            "epoch_accuracies": [
                98.88,
                99.30375,
                99.44375,
                99.57625,
                99.65125,
                99.65875,
                99.7425,
                99.79,
                99.845,
                99.8725,
                99.92375,
                99.945,
                99.98,
                99.98875,
                99.9875
            ]
        },
        "20": {
            "total_time": 2014.2607278823853,
            "train_time": 706.67826795578,
            "test_time": 5.997424364089966,
            "BER": 0.00075,
            "Precision": 0.99925,
            "Recall": 0.99925,
            "F1 Score": 0.99925,
            "epoch_losses": [
                0.011299692775387666,
                0.009289957837385008,
                0.0064472112452902365,
                0.006708035712133278,
                0.00642061144279287,
                0.0053992750127137695,
                0.004633675997556202,
                0.003746777897870197,
                0.003717384043801212,
                0.0026516408236351707,
                0.0017585263096145355,
                0.0011503866809367536,
                0.0007746204018004391,
                0.00039601047489004485,
                0.00017264787690237426
            ],
            "epoch_accuracies": [
                99.69125,
                99.7525,
                99.81375,
                99.80375,
                99.8275,
                99.8375,
                99.8675,
                99.8875,
                99.89375,
                99.9275,
                99.945,
                99.97,
                99.98,
                99.9875,
                99.995
            ]
        }
    },
    "rician": {
        "0": {
            "total_time": 1479.5899677276611,
            "train_time": 649.7677154541016,
            "test_time": 4.1693854331970215,
            "BER": 0.00845,
            "Precision": 0.99155,
            "Recall": 0.99155,
            "F1 Score": 0.99155,
            "epoch_losses": [
                0.09002769312746822,
                0.060253321896493434,
                0.04919497518679127,
                0.04039343161985744,
                0.03441753917029128,
                0.03027650385184679,
                0.026011154836416243,
                0.022581382474687415,
                0.018271605821506817,
                0.013920430960529483,
                0.009743840346191428,
                0.005608955818829418,
                0.0038114321061671944,
                0.0023125039382852265,
                0.0017734715530576069
            ],
            "epoch_accuracies": [
                96.70625,
                97.875,
                98.29125,
                98.54375,
                98.865,
                98.95625,
                99.04625,
                99.22,
                99.39125,
                99.54875,
                99.66625,
                99.825,
                99.885,
                99.945,
                99.95375
            ]
        },