{
    "rayleigh": {
        "0": {
            "train_time": 532.3412606716156,
            "test_time": 5.526005744934082,
            "BER": 0.03655,
            "Precision": 0.96345,
            "Recall": 0.96345,
            "F1 Score": 0.96345
        },
        "5": {
            "train_time": 629.1583089828491,
            "test_time": 5.860358715057373,
            "BER": 0.00875,
            "Precision": 0.99125,
            "Recall": 0.99125,
            "F1 Score": 0.99125
        },
        "10": {
            "train_time": 546.1909327507019,
            "test_time": 4.78466796875,
            "BER": 0.00275,
            "Precision": 0.99725,
            "Recall": 0.99725,
            "F1 Score": 0.99725
        },
        "15": {
            "train_time": 543.1236653327942,
            "test_time": 6.212692499160767,
            "BER": 0.00065,
            "Precision": 0.99935,
            "Recall": 0.99935,
            "F1 Score": 0.99935
        },
        "20": {
            "train_time": 675.841135263443,
            "test_time": 6.26816725730896,
            "BER": 0.00025,
            "Precision": 0.99975,
            "Recall": 0.99975,
            "F1 Score": 0.99975
        }
    },
    "rician": {
        "0": {
            "train_time": 594.2042768001556,
            "test_time": 4.887069225311279,
            "BER": 0.00915,
            "Precision": 0.9941,
            "Recall": 0.9941,
            "F1 Score": 0.9941
        },
        "5": {
            "train_time": 616.9311163425446,
            "test_time": 4.879795074462891,
            "BER": 0.0064,
            "Precision": 0.9966,
            "Recall": 0.9966,
            "F1 Score": 0.9966
        },
        "10": {
            "train_time": 541.3715710639954,
            "test_time": 4.749392509460449,
            "BER": 0.00775,
            "Precision": 0.9735,
            "Recall": 0.9735,
            "F1 Score": 0.9735
        },
        "15": {
            "train_time": 615.1076219081879,
            "test_time": 6.347186326980591,
            "BER": 0.0092,
            "Precision": 0.9986,
            "Recall": 0.9986,
            "F1 Score": 0.9986
        },
        "20": {
            "train_time": 608.4755835533142,
            "test_time": 4.943370342254639,
            "BER": 0.0033,
            "Precision": 0.9967,
            "Recall": 0.9967,
            "F1 Score": 0.9967
        }
    },
    "nakagami": {
        "0": {
            "train_time": 612.3433549404144,
            "test_time": 5.670226812362671,
            "BER": 0.00065,
            "Precision": 0.99935,
            "Recall": 0.99935,
            "F1 Score": 0.99935
        },
        "5": {
            "train_time": 577.6995587348938,
            "test_time": 5.289310932159424,
            "BER": 0.0001,
            "Precision": 0.9999,
            "Recall": 0.9999,
            "F1 Score": 0.9999
        },
        "10": {
            "train_time": 567.3771796226501,
            "test_time": 5.9680705070495605,
            "BER": 0.0,
            "Precision": 1.0,
            "Recall": 1.0,
            "F1 Score": 1.0
        },
        "15": {
            "train_time": 654.8350415229797,
            "test_time": 4.818235397338867,
            "BER": 0.0,
            "Precision": 1.0,
            "Recall": 1.0,
            "F1 Score": 1.0
        },
        "20": {
            "train_time": 555.3064947128296,
            "test_time": 5.966515779495239,
            "BER": 0.0,
            "Precision": 1.0,
            "Recall": 1.0,
            "F1 Score": 1.0
        }
    }
}