{
    "rayleigh": {
        "0": {
            "train_time": 590.7486879825592,
            "test_time": 4.30363917350769,
            "BER": 0.02285,
            "Precision": 0.97715,
            "Recall": 0.97715,
            "F1 Score": 0.97715
        },
        "5": {
            "train_time": 584.8300681114197,
            "test_time": 4.261182069778442,
            "BER": 0.0078,
            "Precision": 0.9922,
            "Recall": 0.9922,
            "F1 Score": 0.9922
        },
        "10": {
            "train_time": 670.2257490158081,
            "test_time": 5.808177947998047,
            "BER": 0.00115,
            "Precision": 0.99885,
            "Recall": 0.99885,
            "F1 Score": 0.99885
        },
        "15": {
            "train_time": 639.6246118545532,
            "test_time": 4.289587497711182,
            "BER": 0.0006,
            "Precision": 0.9994,
            "Recall": 0.9994,
            "F1 Score": 0.9994
        },
        "20": {
            "train_time": 579.638210773468,
            "test_time": 4.150745630264282,
            "BER": 0.00015,
            "Precision": 0.99985,
            "Recall": 0.99985,
            "F1 Score": 0.99985
        }
    },
    "rician": {
        "0": {
            "train_time": 605.75248503685,
            "test_time": 4.916476488113403,
            "BER": 0.0058,
            "Precision": 0.9942,
            "Recall": 0.9942,
            "F1 Score": 0.9942
        },
        "5": {
            "train_time": 682.5377578735352,
            "test_time": 4.657409429550171,
            "BER": 0.0068,
            "Precision": 0.9932,
            "Recall": 0.9932,
            "F1 Score": 0.9932
        },
        "10": {
            "train_time": 586.5669720172882,
            "test_time": 4.258424520492554,
            "BER": 0.0017,
            "Precision": 0.9983,
            "Recall": 0.9983,
            "F1 Score": 0.9983
        },
        "15": {
            "train_time": 589.682067155838,
            "test_time": 4.8299033641815186,
            "BER": 0.0013,
            "Precision": 0.9987,
            "Recall": 0.9987,
            "F1 Score": 0.9987
        },
        "20": {
            "train_time": 673.2581081390381,
            "test_time": 4.700538396835327,
            "BER": 0.0004,
            "Precision": 0.9996,
            "Recall": 0.9996,
            "F1 Score": 0.9996
        }
    },
    "nakagami": {
        "0": {
            "train_time": 601.9285361766815,
            "test_time": 4.269718408584595,
            "BER": 0.001,
            "Precision": 0.999,
            "Recall": 0.999,
            "F1 Score": 0.999
        },
        "5": {
            "train_time": 594.0343024730682,
            "test_time": 4.379626274108887,
            "BER": 0.0,
            "Precision": 1.0,
            "Recall": 1.0,
            "F1 Score": 1.0
        },
        "10": {
            "train_time": 627.1732819080353,
            "test_time": 5.128362417221069,
            "BER": 5e-05,
            "Precision": 0.99995,
            "Recall": 0.99995,
            "F1 Score": 0.99995
        },
        "15": {
            "train_time": 633.3106932640076,
            "test_time": 4.669043302536011,
            "BER": 5e-05,
            "Precision": 0.99995,
            "Recall": 0.99995,
            "F1 Score": 0.99995
        },
        "20": {
            "train_time": 595.068244934082,
            "test_time": 4.775542974472046,
            "BER": 0.0,
            "Precision": 1.0,
            "Recall": 1.0,
            "F1 Score": 1.0
        }
    }
}